,title,company,summary,location,link
0,junior it helpdesk analyst,Civica,"liaise with specialist technical and software development staff.
configure our platform to implement client processes.",Remote,https://uk.indeed.com/company/Civica-Group-Ltd/jobs/Junior-IT-Helpdesk-Analyst-00cffe9ba546a8b7?fccid=5d54652a1f6cdbc1&vjs=3
1,junior technical analyst,Civica,"this may include creation of windows user accounts, software patching, sql backups and restores.
the responsibility of the junior technical analyst is to ensure…",Remote,https://uk.indeed.com/company/Civica-Group-Ltd/jobs/Junior-Technical-Analyst-4c9b7d9f3a4c3b41?fccid=5d54652a1f6cdbc1&vjs=3
2,junior developer,SwiftCase,work with our development team to: design software solution; build client-side and server-side architecture; develop and manage well-functioning databases and…,Remote,https://uk.indeed.com/rc/clk?jk=169989e42733bd8e&fccid=5118f22be199845d&vjs=3
3,junior developer,Probrand Ltd,mercato are committed to providing our employees with the training and development they need to grow their skill set and knowledge and provide simple innovative…,Remote,https://uk.indeed.com/rc/clk?jk=061e95f70be59c13&fccid=886f7e131e00f82b&vjs=3
4,java developer,Cathedral Appointments,"grow with us, eventually providing mentorship and technical direction to junior team members.
java engineer - junior and mid level*.",Remote,https://uk.indeed.com/pagead/clk?mo=r&ad=-6NYlbfkN0DT8joBX-KH5QGuAawGdqNyL2lp4vLAxG5_MiYCN2zMBn98g6EU4ZV1lV4m5baRVnDZAYM7JaeFeqRmlNnwO8iCNy4_r9w08aj0ryRLEHebxcGwoH16o2fVPNiNVL5D75kKPn9ib_ZFxDXpnXNaj4CbryYAVWJPv3h_aSEDCviJLLTkz7beGbNBW72vdbZjGRFdWbVq1AP5RIGMWtreycoeoyCAYhClYtMCka0yNE1_j1G5qA72_GIkMuHhsoyOrFHEtHuSDi1WpK6VV4C_PF4ap4ETrvDXqGlWFcNChdmEQq1Q7Xusk_eCnTQr54AGs57zu0f-0SX7cqoK5onk4rmkwW864NObM2P0lb0BNLwd104PtaqKbMynkvgvzWMfFteQNPMjdqeWIVMQBx_8W6M0utTBnfipjN05nq5ntBdd1IXa_Op-hpCM0HQA3xLbjUevzlFm20zoPTbegYS_9wEYaSUcchaJyHTwAkZHsTcOfvoatz9QLG7Ii5GocEP-6k4=&p=5&fvj=1&vjs=3
5,junior software engineer (backend),Mambo Solutions,you will be expected to ramp up quickly and tackle anything from bug fixing all the way through to designing and implementing new features from the ground up.,Remote,https://uk.indeed.com/rc/clk?jk=90d05fe3f6013b47&fccid=a0e915f587a5bc0a&vjs=3
6,junior developer - lamp,National Accident Law - Advert Layout,"follow agile development methodologies to deliver high quality, working software within set timescales.
as a junior developer you will be assisting in the…",Remote,https://uk.indeed.com/rc/clk?jk=a85fbfbfb8c13841&fccid=b6b7b57be2277bfd&vjs=3
7,software developer,Datasource,"remain knowledgeable of current software development tools and techniques.
15, staff to continue to expand and deliver their growing client and product…",Remote,https://uk.indeed.com/rc/clk?jk=a03314920d6baa64&fccid=290ed65fe937e741&vjs=3
8,junior network engineer,Concept Resourcing,"i am working with a prestigious it solutions provider who require a number of networking resource to support a large-scale transformation programme, on behalf…",Remote,https://uk.indeed.com/rc/clk?jk=9940b3b0b6e0db53&fccid=4ee3d7e2e6445ea6&vjs=3
9,"junior web designer - liverpool, uk",Simpleview,"to conceptualise design ideas, design and create layouts of overall ‘look and feel’ of our clients’ web sites, corporate identity and promotional material…",Remote,https://uk.indeed.com/rc/clk?jk=0a7a1bd093b86c5f&fccid=dd31feee05020c5f&vjs=3
10,junior digital designer,National Accident Law - Advert Layout,"the purpose of our junior digital designer.
as a junior digital designer you will be working with the senior web designer & developer in supporting delivery of…",Remote,https://uk.indeed.com/rc/clk?jk=068163aa81241e91&fccid=b6b7b57be2277bfd&vjs=3
11,automation engineer,Crimson Panda,"strong passion for best practice software development.
mentor and develop junior members of the team, leading by example, exemplifying the values of the…",Remote,https://uk.indeed.com/rc/clk?jk=7e8352e2eb996747&fccid=1fc10225da74be0d&vjs=3
12,junior developer,Digital Wholesale Solutions,"providing training and advice to customers and junior team members via phone, email and collaboration software.
this role will be based remotely.",Remote,https://uk.indeed.com/company/Digital-Wholesale-Solutions/jobs/Junior-Developer-ab107462ae3853b6?fccid=68eb0077c62d16b3&vjs=3
13,software support engineer,Union Street Technologies,"analyse system and software log files to diagnose causes of software problems.
provide training and advice to customers and junior team members via phone, email…",Remote,https://uk.indeed.com/company/Digital-Wholesale-Solutions/jobs/Software-Support-Engineer-5d567104b9521e08?fccid=68eb0077c62d16b3&vjs=3
14,software engineer (javascript),BibliU,"contract type: full-time, permanent.
bibliu's learning enablement platform empowers universities and colleges to automate learning content workflows and improve…",Remote,https://uk.indeed.com/rc/clk?jk=c588ede6935b2021&fccid=86d40bb5ea69fa85&vjs=3
15,full stack software engineer,10to8 Ltd.,"training and mentoring junior developers.
4+ years of software experience.
a competitive salary of £42,000 - £60,000 per annum dependent upon experience*.",Remote,https://uk.indeed.com/company/10to8-Ltd/jobs/Full-Stack-Software-Engineer-b7de22ffcbab063f?fccid=3596a4a7a813626a&vjs=3
16,.net developer,Everflow Water,"supporting and encouraging more junior developers.
.net developer - software development department – wynyard, ts22 – full remote - £37,000 to £45,000 plus…",Remote,https://uk.indeed.com/company/Everflow-Water/jobs/Net-Developer-a40065a33083ef5f?fccid=a66f61de9346741c&vjs=3
17,junior/graduate backend developer (java/c++),Intrinsic Group Limited,"a certified qualification in software development, with a focus on backend server technologies.
junior/graduate backend developer (java/c++) – link imperium a…",Remote,https://uk.indeed.com/company/Intrinsic-Dev/jobs/Junior-Graduate-Backend-Developer-33434603e2700be0?fccid=7424d7c90c7d3f05&vjs=3
18,software support engineer,Union Street Technologies,"analyse system and software log files to diagnose causes of software problems.
provide training and advice to customers and junior team members via phone, email…",Remote,https://uk.indeed.com/company/Digital-Wholesale-Solutions/jobs/Software-Support-Engineer-5d567104b9521e08?fccid=68eb0077c62d16b3&vjs=3
19,"junior web designer - liverpool, uk",Simpleview,"to conceptualise design ideas, design and create layouts of overall ‘look and feel’ of our clients’ web sites, corporate identity and promotional material…",Remote,https://uk.indeed.com/rc/clk?jk=0a7a1bd093b86c5f&fccid=dd31feee05020c5f&vjs=3
20,junior software engineer,Version 1,you will be contributing to real decisions about technology to create maintainable solutions for our customers and participating in a highly collaborative group…,Remote,https://uk.indeed.com/rc/clk?jk=98b41cb18e71acff&fccid=8ad0ba7074a5e6ea&vjs=3
21,junior smart home integration developer,Intrinsic Dev,"junior smart home integration developer – intrinsic dev limited.
while appropriate support is available the ability and drive to continually research and self…",Remote,https://uk.indeed.com/company/Intrinsic-Dev/jobs/Junior-Smart-Home-Integration-Developer-4a3a1be3807e9647?fccid=7424d7c90c7d3f05&vjs=3
22,software developer,Matt Burton Associates,"as a valued member of the software development team, you will develop high quality code to produce functional software applications to fulfil the specified…",Remote,https://uk.indeed.com/company/Matt-Burton-for-MBA/jobs/Software-Developer-e735bb4b827f292d?fccid=1b5a280bad872477&vjs=3
23,software architect,NECSWS,"desire to work with and mentor junior engineers.
define and implement common application integration patterns.
agile methodologies such as kanban and scrum.",Remote,https://uk.indeed.com/rc/clk?jk=9ad6403029ae18c8&fccid=cd106fcc81f9985b&vjs=3
24,software engineer - ar / vr (london),Oculus,"experience mentoring junior staff / interns.
the ideal candidate is a software engineer with experience in vr, simulation, visualization or a creative industry …",Remote,https://uk.indeed.com/rc/clk?jk=0bf965df32a462c4&fccid=ba07516c418dda52&vjs=3
25,junior developer - lamp,NAHL Group,"follow agile development methodologies to deliver high quality, working software within set timescales.
as a junior developer you will be assisting in the…",Remote,https://uk.indeed.com/rc/clk?jk=48fd48c8cd3c84c9&fccid=369d39c75a1830e4&vjs=3
26,developer in test,Crimson Panda,"strong passion for best practice software development.
mentor and develop junior members of the team, leading by example, exemplifying the values of the…",Remote,https://uk.indeed.com/rc/clk?jk=d0495b9bcb40f289&fccid=1fc10225da74be0d&vjs=3
27,software developer(s),Consortia,"they are looking for all levels – from junior all the way to technical lead level.
london (open to fully-remote within uk or office based).",Remote,https://uk.indeed.com/rc/clk?jk=0f42e309f5a6b60e&fccid=04f36097f3ddf22e&vjs=3
28,.net developer,Everflow Water,"supporting and encouraging more junior developers.
.net developer - software development department – wynyard, ts22 – full remote - £37,000 to £45,000 plus…",Remote,https://uk.indeed.com/company/Everflow-Water/jobs/Net-Developer-a40065a33083ef5f?fccid=a66f61de9346741c&vjs=3
29,ui designer,Ideagen,"mentor and share knowledge with junior members within the team.
be a great team player, experienced in working with agile teams.",Remote,https://uk.indeed.com/rc/clk?jk=ba813f5510041361&fccid=a583cadd0d866f2a&vjs=3
30,software engineer,PODFather,"we are committed to using ci/cd pipelines to automate code deployment, catch errors through static analysis and to automatically run test suites.",Remote,https://uk.indeed.com/rc/clk?jk=bef73a34f8ef6c25&fccid=9c5902b94cb0523f&vjs=3
31,software engineer,Impartner Inc,"deliver new software features promptly and free of defects.
provide oversight, guidance, and coaching to peers and junior developers.",Remote,https://uk.indeed.com/rc/clk?jk=a3eebee4c35a66d1&fccid=d9ba6dae19733061&vjs=3
32,implementation consultant,Stratospherec,"carry out software configuration in line with requirements.
my client a fast growing, innovative software business with a unique set of tools for the online…",Remote,https://uk.indeed.com/rc/clk?jk=1b11dfa1d62988af&fccid=702902d9996ab347&vjs=3
33,software tester,Woven,"minimum 3 years of experience in software testing.
mentor and lead junior members of the team.
experience of test automation software and creating new…",Remote,https://uk.indeed.com/rc/clk?jk=c3421beedc305a33&fccid=2cfb577db3401bf2&vjs=3
34,"php developer (remote, based in the uk)",Gecko,"#1 development work - designing and implementing low-latency, high availability and performant software,.
our tech stack is a mixture of php and javascript and…",Remote,https://uk.indeed.com/rc/clk?jk=e5dfa3dbfa54c5bb&fccid=29126d34a81c83b3&vjs=3
35,.net consultant,Amido,"working with software configuration management, ci and versioning strategies.
net consultants. you will be joining a cross-functional team of highly skilled and…",Remote,https://uk.indeed.com/rc/clk?jk=75058f2cc9af60a7&fccid=1dd9cfabb691aa01&vjs=3
36,it systems specialist,Jisc,"to undertake infrastructure changes and software updates on dynamics 365 as needed and develop the use of microsoft automated testing tools, microsoft flow,…",Remote,https://uk.indeed.com/rc/clk?jk=955c36d2b6cd6238&fccid=1d06ac18f1c89eab&vjs=3
37,"php developer (remote, based in the uk)",Gecko,"#1 development work - designing and implementing low-latency, high availability and performant software,.
our tech stack is a mixture of php and javascript and…",Remote,https://uk.indeed.com/rc/clk?jk=e5dfa3dbfa54c5bb&fccid=29126d34a81c83b3&vjs=3
38,.net consultant,Amido,"working with software configuration management, ci and versioning strategies.
net consultants. you will be joining a cross-functional team of highly skilled and…",Remote,https://uk.indeed.com/rc/clk?jk=75058f2cc9af60a7&fccid=1dd9cfabb691aa01&vjs=3
39,it systems specialist,Jisc,"to undertake infrastructure changes and software updates on dynamics 365 as needed and develop the use of microsoft automated testing tools, microsoft flow,…",Remote,https://uk.indeed.com/rc/clk?jk=955c36d2b6cd6238&fccid=1d06ac18f1c89eab&vjs=3
40,junior developer - lamp,NAHL Group,"follow agile development methodologies to deliver high quality, working software within set timescales.
as a junior developer you will be assisting in the…",Remote,https://uk.indeed.com/rc/clk?jk=48fd48c8cd3c84c9&fccid=369d39c75a1830e4&vjs=3
41,software engineer - ar / vr (london),Oculus,"experience mentoring junior staff / interns.
the ideal candidate is a software engineer with experience in vr, simulation, visualization or a creative industry …",Remote,https://uk.indeed.com/rc/clk?jk=0bf965df32a462c4&fccid=ba07516c418dda52&vjs=3
42,junior java developer,Version 1,you will be contributing to real decisions about technology to create maintainable solutions for our customers and participating in a highly collaborative group…,Remote,https://uk.indeed.com/rc/clk?jk=49eba0f06128fa7f&fccid=8ad0ba7074a5e6ea&vjs=3
43,java consultant,Amido,"working with software configuration management, ci and versioning strategies.
our technical leads are hands-on, and using your knowledge of application…",Remote,https://uk.indeed.com/rc/clk?jk=8482a9f6c1d9f9e5&fccid=1dd9cfabb691aa01&vjs=3
44,java microservices developer,MBR Partners,"many of the products are developer-facing, including apis, software as a service, software distributed to 3rd parties, data, documentation and demonstrations.",Remote,https://uk.indeed.com/rc/clk?jk=44145444f64a937b&fccid=c29cde9509ea6817&vjs=3
45,full stack developer,PeopleNet,"mentoring and coaching junior developers.
you have 4+ years of experience as a software engineer.
while working from the comfort of their own homes, our remote…",Remote,https://uk.indeed.com/rc/clk?jk=97a9ffeea1264d3a&fccid=b75610d06f16a4e3&vjs=3
46,software architect,NECSWS,"desire to work with and mentor junior engineers.
define and implement common application integration patterns.
agile methodologies such as kanban and scrum.",Remote,https://uk.indeed.com/rc/clk?jk=9ad6403029ae18c8&fccid=cd106fcc81f9985b&vjs=3
47,developer in test,Crimson Panda,"strong passion for best practice software development.
mentor and develop junior members of the team, leading by example, exemplifying the values of the…",Remote,https://uk.indeed.com/rc/clk?jk=d0495b9bcb40f289&fccid=1fc10225da74be0d&vjs=3
48,web developer front and back end -kinewell energy,Graduate Internship Scheme,"coach and mentor more junior staff, and where allocated undertake a line management role.
you will be able to take advice and support from more senior staff…",Temporarily Remote,https://uk.indeed.com/company/Graduate-Internship-Scheme/jobs/Web-Developer-Front-Back-End-d5d1aaa573fbbe12?fccid=9748e31032d7c0df&vjs=3
49,software developer (c++),The Focusrite Group,"coach and advise more junior members of the team.
salary: negotiable depending on experience + excellent benefits.
develop engaging and beautiful interfaces.",Remote,https://uk.indeed.com/rc/clk?jk=5172ce2566439e8c&fccid=372d82843482bdd3&vjs=3
50,junior digital designer,NAHL Group,"the purpose of our junior digital designer.
as a junior digital designer you will be working with the senior web designer & developer in supporting delivery of…",Remote,https://uk.indeed.com/rc/clk?jk=ef35dae92e75c120&fccid=369d39c75a1830e4&vjs=3
51,junior full stack software developer,Paintgun.io,"work closely with other developers and product owner;
produce clean, efficient code based on specifications;
recommend and execute technical improvements;",Remote,https://uk.indeed.com/rc/clk?jk=b69a2c3926ce15be&fccid=ea7d7728b17252ad&vjs=3
52,quality assurance engineer (metaverse),Improbable,"educate teams on the software development best practices via consultancy, communities of practice and bottom up grassroots practices.",Remote,https://uk.indeed.com/rc/clk?jk=c8cf3a9f938a4b8a&fccid=38e699803803146d&vjs=3
53,microsoft systems developer,The Private Office,"be a champion for software and operational best practices.
liaise with third party software or data providers to help maintain existing and develop new…",Remote,https://uk.indeed.com/rc/clk?jk=363ca4a7ba4e15cc&fccid=b03b1b1301527a98&vjs=3
54,web developer,Datasource,"remain knowledgeable of current software development tools and techniques.
15, staff to continue to expand and deliver their growing client and product…",Remote,https://uk.indeed.com/rc/clk?jk=17a3996ffba587af&fccid=290ed65fe937e741&vjs=3
55,java microservices developer,MBR Partners,"many of the products are developer-facing, including apis, software as a service, software distributed to 3rd parties, data, documentation and demonstrations.",Remote,https://uk.indeed.com/rc/clk?jk=44145444f64a937b&fccid=c29cde9509ea6817&vjs=3
56,junior/graduate react & react-native developer,Intrinsic Group Limited,"you will need to regularly review your development standards and the quality of what you deliver, and you will need to consider your level of testing before…",Remote,https://uk.indeed.com/company/Intrinsic-Dev/jobs/Junior-Graduate-React-React-Native-Developer-f482e90cb7aa8b62?fccid=7424d7c90c7d3f05&vjs=3
57,technology consultant,Revalize,"prior knowledge of cpq software.
get quickly up to speed with a basic understanding of the cpq software.
work with the team to develop and deliver enhancements…",Remote,https://uk.indeed.com/rc/clk?jk=451fa9eb4e4fcf41&fccid=f4a003f736c9715f&vjs=3
58,software developer (c++),The Focusrite Group,"coach and advise more junior members of the team.
salary: negotiable depending on experience + excellent benefits.
develop engaging and beautiful interfaces.",Remote,https://uk.indeed.com/rc/clk?jk=5172ce2566439e8c&fccid=372d82843482bdd3&vjs=3
59,implementation consultant,Stratospherec,"carry out software configuration in line with requirements.
my client a fast growing, innovative software business with a unique set of tools for the online…",Remote,https://uk.indeed.com/rc/clk?jk=1b11dfa1d62988af&fccid=702902d9996ab347&vjs=3
60,software engineer - sre,Citrix,"this requires excellent architecture and a devops mentality in software development, operations, and site reliability engineering.",Remote,https://uk.indeed.com/rc/clk?jk=cc71a44638d442f9&fccid=3c41eea00c4f384f&vjs=3
61,python developer,Bright Purple Resourcing,"experience across the full software development lifecycle.
as a developer within this team, you will have experience using an oop language preferably python to…",Remote,https://uk.indeed.com/rc/clk?jk=e781fc45b372253e&fccid=9b585c4a656696ed&vjs=3
62,junior java engineer,xDesign,"using agreed standards and specifications to design, create, test and document new or amended software.
developing enterprise-scale back-end services with a…",Remote,https://uk.indeed.com/rc/clk?jk=8eb52cb769846183&fccid=ccfad7f9ee966b7a&vjs=3
63,technology consultant,Revalize,"prior knowledge of cpq software.
get quickly up to speed with a basic understanding of the cpq software.
work with the team to develop and deliver enhancements…",Remote,https://uk.indeed.com/rc/clk?jk=451fa9eb4e4fcf41&fccid=f4a003f736c9715f&vjs=3
64,software engineer - ar / vr (zurich),Oculus,"1+ year experience mentoring junior staff / interns.
the ideal candidate is a software engineer with experience in 3d, ar, vr, mr or computer vision using for…",Remote,https://uk.indeed.com/rc/clk?jk=732ab1d0b18dfc2b&fccid=ba07516c418dda52&vjs=3
65,magento backend developer,ADLIB,"knowledge of software engineering and software design patterns.
salaries up to £45k, with a clear and defined progression plan.
what experience you’ll need.",Remote,https://uk.indeed.com/rc/clk?jk=06cef1cf8b343491&fccid=4de305266493edf8&vjs=3
66,junior/graduate react & react-native developer,Intrinsic Group Limited,"you will need to regularly review your development standards and the quality of what you deliver, and you will need to consider your level of testing before…",Remote,https://uk.indeed.com/company/Intrinsic-Dev/jobs/Junior-Graduate-React-React-Native-Developer-f482e90cb7aa8b62?fccid=7424d7c90c7d3f05&vjs=3
67,mobile engineer,Pure Gym,"able to guide and support junior developers with basic tasks.
moderate experience building complex software (ideally in c# or another c based language).",Remote,https://uk.indeed.com/rc/clk?jk=92dad160ef7bed21&fccid=43897c47ca7023c0&vjs=3
68,test automation engineer,Matillion,"experience in full software development life cycle from design to deployment using agile methodologies.
getting involved in recruitment and mentoring junior…",Remote,https://uk.indeed.com/rc/clk?jk=4b447341374abd16&fccid=ca31202b03c579c3&vjs=3
69,mw050 junior sql product developer (insurance),Excelerate Recruitment Partners,"2 years insurance and/or insurance software experience, preferably covering underwriting, claims, accounts and re-insurance.",Remote,https://uk.indeed.com/rc/clk?jk=ef0077ecb754869f&fccid=7a1bbd9c79e6e037&vjs=3
70,solutions architect,Cloudera,"strong experience designing, architecting and implementing software solutions in an enterprise linux environment, including solid foundation in os / networking…",Remote,https://uk.indeed.com/rc/clk?jk=90e5d5b308ff176d&fccid=eb507df48b2f81c7&vjs=3
71,test automation engineer,Matillion,"experience in full software development life cycle from design to deployment using agile methodologies.
getting involved in recruitment and mentoring junior…",Remote,https://uk.indeed.com/rc/clk?jk=4b447341374abd16&fccid=ca31202b03c579c3&vjs=3
72,java developer,PeopleNet,"mentoring and coaching junior developers.
you have 4+ years of experience as a software engineer.
while working from the comfort of their own homes, our remote…",Remote,https://uk.indeed.com/rc/clk?jk=1ba79e532c053136&fccid=b75610d06f16a4e3&vjs=3
73,3rd line support engineer - 24/7 shift pattern,Davies Group,"support junior staff by way of coaching and knowledge transfer.
including diagnosing hardware/software faults and solving technical problems within agreed sla’s…",Remote,https://uk.indeed.com/rc/clk?jk=7cc36b990895cd09&fccid=f41959d0d3ecd31b&vjs=3
74,data scientist,Cytora,"experience mentoring junior data scientists.
cytora’s resolve team is an interdisciplinary team, and you will be working alongside data engineers, software…",Remote,https://uk.indeed.com/company/Cytora/jobs/Data-Scientist-62f769e7ae8a2411?fccid=adf8773e63259c36&vjs=3
75,sr solutions consultant,Cloudera,"strong experience implementing software solutions in an enterprise linux environment.
engage from proof of concept (poc) stages through to implementation on…",Remote,https://uk.indeed.com/rc/clk?jk=7d4dff80a7194981&fccid=eb507df48b2f81c7&vjs=3
76,java developer,PeopleNet,"mentoring and coaching junior developers.
you have 4+ years of experience as a software engineer.
while working from the comfort of their own homes, our remote…",Remote,https://uk.indeed.com/rc/clk?jk=1ba79e532c053136&fccid=b75610d06f16a4e3&vjs=3
77,cloud java developer,Version 1,"experience in delivering software using agile.
manage, coach, and develop junior members of your team and wider community.",Remote,https://uk.indeed.com/rc/clk?jk=9c001b9d3ebe4ab8&fccid=8ad0ba7074a5e6ea&vjs=3
78,data scientist,Cytora,"experience mentoring junior data scientists.
cytora’s resolve team is an interdisciplinary team, and you will be working alongside data engineers, software…",Remote,https://uk.indeed.com/company/Cytora/jobs/Data-Scientist-62f769e7ae8a2411?fccid=adf8773e63259c36&vjs=3
79,sr solutions architect,Cloudera,"mentor junior consultants and architects.
strong experience designing, architecting and implementing software solutions in an enterprise linux environment,…",Remote,https://uk.indeed.com/rc/clk?jk=ac68abf46dd2721d&fccid=eb507df48b2f81c7&vjs=3
80,java developer,Bullhorn,"mentoring and coaching junior developers.
you have 4+ years of experience as a software engineer.
while working from the comfort of their own homes, our remote…",Remote,https://uk.indeed.com/rc/clk?jk=70e803aa2db5c516&fccid=4b0e4e241ddcf265&vjs=3
81,3rd line support engineer - 24/7 shift pattern,Davies Group,"support junior staff by way of coaching and knowledge transfer.
including diagnosing hardware/software faults and solving technical problems within agreed sla’s…",Remote,https://uk.indeed.com/rc/clk?jk=7cc36b990895cd09&fccid=f41959d0d3ecd31b&vjs=3
82,sr solutions architect,Cloudera,"mentor junior consultants and architects.
strong experience designing, architecting and implementing software solutions in an enterprise linux environment,…",Remote,https://uk.indeed.com/rc/clk?jk=ac68abf46dd2721d&fccid=eb507df48b2f81c7&vjs=3
83,full stack developer,Bullhorn,"mentoring and coaching junior developers.
you have 4+ years of experience as a software engineer.
while working from the comfort of their own homes, our remote…",Remote,https://uk.indeed.com/rc/clk?jk=45027e7f57fc5cda&fccid=4b0e4e241ddcf265&vjs=3
84,devops engineer - azure - united kingdom,Solo Search,"experience of mentoring more junior members of the team.
suitable for: devops engineer with approx.
the azure devops engineer will join an experienced and cross…",Remote,https://uk.indeed.com/rc/clk?jk=d1b38e1b28e0fd17&fccid=f4901df633921284&vjs=3
85,full stack developer,Bullhorn,"mentoring and coaching junior developers.
you have 4+ years of experience as a software engineer.
while working from the comfort of their own homes, our remote…",Remote,https://uk.indeed.com/rc/clk?jk=45027e7f57fc5cda&fccid=4b0e4e241ddcf265&vjs=3
86,full stack developer,Bullhorn,"mentoring and coaching junior developers.
you have 4+ years of experience as a software engineer.
while working from the comfort of their own homes, our remote…",Remote,https://uk.indeed.com/rc/clk?jk=45027e7f57fc5cda&fccid=4b0e4e241ddcf265&vjs=3
87,full stack developer,Bullhorn,"mentoring and coaching junior developers.
you have 4+ years of experience as a software engineer.
while working from the comfort of their own homes, our remote…",Remote,https://uk.indeed.com/rc/clk?jk=45027e7f57fc5cda&fccid=4b0e4e241ddcf265&vjs=3
88,devops engineer - azure - united kingdom,Solo Search,"experience of mentoring more junior members of the team.
suitable for: devops engineer with approx.
the azure devops engineer will join an experienced and cross…",Remote,https://uk.indeed.com/rc/clk?jk=d1b38e1b28e0fd17&fccid=f4901df633921284&vjs=3
89,full stack developer,Bullhorn,"mentoring and coaching junior developers.
you have 4+ years of experience as a software engineer.
while working from the comfort of their own homes, our remote…",Remote,https://uk.indeed.com/rc/clk?jk=45027e7f57fc5cda&fccid=4b0e4e241ddcf265&vjs=3
90,python data engineer,Tech City Teams,"we're looking for talented data engineers to join our brilliant team of engaging, experienced developers.
you’ll need 4+ years of experience working with python…",Remote,https://uk.indeed.com/pagead/clk?mo=r&ad=-6NYlbfkN0DG4ntHtB_rMsnfhgmnSvK2brktLme1L4SiDeJjQ-izrVOLqRJ5-yjEjDkpeVLIPLKTIGnI1cV20dgmOHT5WQ3G1h71wRosOlGPV9TyeZVMUiwfdDxRc1lgJoYcQkUhZRJg0HUdoLpDSMPBPBb1mxamXpZ1LldssBmIK91kt9OdekPnAe9Xk3NAu7X1yn8vBvW7bTwdlaxg3UQd9N_OBbZHMXjZiMEv-EgprE1LWs8UKkk8Es-Rcg-i7AQN9Ul4_kB-dBeSBEX-0R_1MTdqjy1f5-OgyPKbu9HD8MXLOve7kUzHhcTz_gtShi2AjH0R92k4UZMFiooj-csZkyX9eW_ARUo87jSjizQN2Htw-EOeovzygTZ93HVa8dBvLedvNhfxfkTVGOoNiADLl7O34OEVl23i-ln0mdwi0vT4tkxjVOY-14werdrsM1OwK-QO7W5fIQ17mdnBbAgTS-wYnFYR2kP1hV1bPFiheBHoAKvoMDwhrk5xFVCGz0CxALca-QobrYCObc69gZh0RU3rhVv_2ZWxknpTygMx9r1w1H2X04fSeG6I-tZAi0uucqvHBXpbUo9_DTVblFe2Txr_Vldo89FQB9sB0voyScnAg3zJ8ShHxk0ckP-EvYv7J1_L7_vz7BEH2V5LpzoDgAjzvXB_u_mmP_rlRQAbiy5rbPjozI4pXSD70NG1fz4GnkPvYvoFapoDdZMIaesDNfbD9YNnkf8siJ1u5n1I4UTbIVMyPncqjQeLymreejqGthvYN6YSZkL_IRU4ImuPUGUej0sEwEohW5QF8f-mdFZAe2vF1CcMGwL-nKpiMMMhoflMOXkwYEDuvxCD0ZMa8CVqO77grR666UtXBR6UIq7lvqCKCj2v1Hv9L-ysIGkKrXnAWaX9rbyqqlEs_4gVzYZYeXvYxYJizwTDOHQRu27n8ScQEF5NnRj7vrJaVyAAJFoeEtG5ONWGeG9tA-9a8BRFwQl6iPClBDM9quvI_zemUz9y6fbB42d5zLhM&p=6&fvj=0&vjs=3
91,react software developer,Bupa Dental Care,you will have an in-depth understanding of software development best practices and knowledge of the tools needed to debug and diagnose issues in any type of…,Remote in United Kingdom,https://uk.indeed.com/pagead/clk?mo=r&ad=-6NYlbfkN0A9xM1ze1CK1QBouVglxzlBnoBPYpS9ek0P1vdZwoyENX4TH4ATiBr2ew3SdhVihFnu-cFhyOYyhmsogtquKIGYoz_wLShOHX09R7zmD-JheJsXMqlKE77FbokWinPl-BUCWJxfo_WWiu8KnwHTlK7LDQrRuD3ijHenedKXE2zFLbBgZhiLQeeisI1V5WIF0h7Iu3QF3WOj0YSk0b3WkgAp8X-c5ZEgbUgUNPJlq-rZV7Epv3ZTQQ0UpCD8Vzh8BHza0BxL0ubpS4WF8sbxPKnboPU-qVozU2zEUiauai8Mt0TcVp1o6DynEWJF0hYXifFfIjcFbhIFLI7Vk-M3aRsibP_XZ5ox3zl0jVD57WbYgOvPwCfYrivoVrLbmfSLYBcrJ9TxXwNsNbPPLD7bRmHLTH8wxx_tCM0tzF2-wF8iCeoBCItUrh3muFi89eEvcwPfMg_HspdzyGTT0Ftmtmr161ucONsBRg2DI3C5sXfDRxZ-py-LLHhSguXzLoP95FfCpoq5ezaye1biQFQliuaM&p=10&fvj=0&vjs=3
92,full stack developer,Bullhorn,"mentoring and coaching junior developers.
you have 4+ years of experience as a software engineer.
while working from the comfort of their own homes, our remote…",Remote,https://uk.indeed.com/rc/clk?jk=45027e7f57fc5cda&fccid=4b0e4e241ddcf265&vjs=3
93,devops engineer - azure - united kingdom,Solo Search,"experience of mentoring more junior members of the team.
suitable for: devops engineer with approx.
the azure devops engineer will join an experienced and cross…",Remote,https://uk.indeed.com/rc/clk?jk=d1b38e1b28e0fd17&fccid=f4901df633921284&vjs=3
94,full stack developer,Bullhorn,"mentoring and coaching junior developers.
you have 4+ years of experience as a software engineer.
while working from the comfort of their own homes, our remote…",Remote,https://uk.indeed.com/rc/clk?jk=45027e7f57fc5cda&fccid=4b0e4e241ddcf265&vjs=3
95,full stack developer,Bullhorn,"mentoring and coaching junior developers.
you have 4+ years of experience as a software engineer.
while working from the comfort of their own homes, our remote…",Remote,https://uk.indeed.com/rc/clk?jk=45027e7f57fc5cda&fccid=4b0e4e241ddcf265&vjs=3
96,devops engineer - azure - united kingdom,Solo Search,"experience of mentoring more junior members of the team.
suitable for: devops engineer with approx.
the azure devops engineer will join an experienced and cross…",Remote,https://uk.indeed.com/rc/clk?jk=d1b38e1b28e0fd17&fccid=f4901df633921284&vjs=3
97,full stack developer,Bullhorn,"mentoring and coaching junior developers.
you have 4+ years of experience as a software engineer.
while working from the comfort of their own homes, our remote…",Remote,https://uk.indeed.com/rc/clk?jk=45027e7f57fc5cda&fccid=4b0e4e241ddcf265&vjs=3
98,devops engineer - azure - united kingdom,Solo Search,"experience of mentoring more junior members of the team.
suitable for: devops engineer with approx.
the azure devops engineer will join an experienced and cross…",Remote,https://uk.indeed.com/rc/clk?jk=d1b38e1b28e0fd17&fccid=f4901df633921284&vjs=3
99,software engineers,Exizent,"net 6.0, react, javascript, typescript, mongodb, sql or mysql, python, css, cypress, aws (lambda, cloudformation, documentdb, mysql rds, cloudwatch, fargate),…",Temporarily Remote,https://uk.indeed.com/pagead/clk?mo=r&ad=-6NYlbfkN0DG4ntHtB_rMsnfhgmnSvK2brktLme1L4SiDeJjQ-izrVOLqRJ5-yjEhSyAj73O13Taknka4ZbWkud1yj3mPx8iIeDWBWee3iW5ua9AlkwpuLUYsgNRDB9tpJlkmuY-0fqsY2Q9fmAKfBjZI-cc2WTa9nPnBWcQciu2nwHdnrlLFiN5Ky_DcZ1b-REonwS6aB_I5eSjTrTqcMcna2A-NLAxVQ45K6MkOJsRGeyZQVSNEPdVqAnJACCawv3e7eiJM_PdOhL3Bdm6-l5r0o8FGzLnHtQRbzT-U6jyDexHeJYepiocN77ik5ZnTs6uCsjKveQ0w55vUKUQlPClsJF4F9BlBI1wKykIdTXRIjVIq5p6Bh8J3ziuFAr0M_NKfC8ATbg-0NSghSqEWx5R0Y3ndcf2FoUbMYpHRCAxGDL_FXWxG6UEXQEQAxmN6F_hkdKDQtYkx6N7b6cFZQ5VqjXBlFh4_mHnHRBRd1IjxA8PtVw7AmGmEjXRQ2R2NLAjbBNbo3Zn45yL8PR_3n81M34o1Uh12wI20xpTQx9LVnfNxPWkrSUhEDA585f-iAnEgVoSUf-DLqIb5iNXSoOqhpgIYQrFlCEb6vTNse6vHAsNgXAbPF4ML3KhmBqx_PBokgn3BKOxyZqo6-o2vAkuIBft3Y5kktGZR89UmeV3Uxf71vmB0ItxPvhk6Rv9vN3t5ZZWcpH0CG0CNzuzxpR3S7JC3QHBPCJIRpVy-gRYP7w21SZ-pGfXY9O3cSDrB8-4QpwafhdSAc-S5q1p53_n2Q05NsvyXWwCjXYe2XtBMdo5wMwr3izmCjPI1Ib2x6qc2QBmbaPdFymcNjpAGftmUtSRQTVIPaxTeGnKAxFdo66sUUpx5z8oXY9WU6LJrHvkKMBJi73ckUtt6pwOi3cxeuWnu51B_t0Dw6YSJSccOqow4Um0Aw9Vv256I88Bk7aMTh7ZTTpvp89eAig5FTBXmuvrXNtt&p=9&fvj=0&vjs=3
100,software engineer,Bupa Dental Care,you will have an in-depth understanding of software development best practices and knowledge of the tools needed to debug and diagnose issues in any type of…,Remote in United Kingdom,https://uk.indeed.com/pagead/clk?mo=r&ad=-6NYlbfkN0A9xM1ze1CK1QBouVglxzlBnoBPYpS9ek0P1vdZwoyENX4TH4ATiBr2ew3SdhVihFnu-cFhyOYyhtS6HGWDHS4Rgcnx-MsFbP8ivzUtQYbv0qFUOmhKT2VVewfyTC9hsShI6ghDYlkbUVyz89fhbYg6Mpb7PHokoLjPx1fehKk1MMZZA61KRWT_jMhX_5gVMg0p8MHIuAEsK-X_taLrns3L8tKiJ6QwEJDESB8whmmuPlwh5GN_FlxyvPMEmdIwO3qB7PGjgMW9C4IdRPVU-Dpiq_39FJklXnymWQmNTG_igrMwGdxnQx-duKPu4OQzrKe78_4B5wQHRnEX1VyoRqh16pBnb9miP1RNN3kUyRvmieCGsWBCER1gQSLP0NO5C8LGWo44oocUfnddVDk89a0r0mMGg2syp6905hbJB0dLYkv5Zs-4wk3RhsC8WbFXpYEvIrK8h-mp8Gu1xURmV_k3aoQsT8CB3AlFSvNoIgBII29Fhj_-y224uQzIpfOYRwj7QimJSOHYDRHAWzQdwRxIEuNA2QA-Z1NCkHD1KGn7XP_oVzl2vNtgy990J9Hq2MpWsc3NwDqqVg==&p=4&fvj=0&vjs=3
101,full stack developer,Bullhorn,"mentoring and coaching junior developers.
you have 4+ years of experience as a software engineer.
while working from the comfort of their own homes, our remote…",Remote,https://uk.indeed.com/rc/clk?jk=45027e7f57fc5cda&fccid=4b0e4e241ddcf265&vjs=3
102,full stack developer,Bullhorn,"mentoring and coaching junior developers.
you have 4+ years of experience as a software engineer.
while working from the comfort of their own homes, our remote…",Remote,https://uk.indeed.com/rc/clk?jk=45027e7f57fc5cda&fccid=4b0e4e241ddcf265&vjs=3
103,full stack developer,Bullhorn,"mentoring and coaching junior developers.
you have 4+ years of experience as a software engineer.
while working from the comfort of their own homes, our remote…",Remote,https://uk.indeed.com/rc/clk?jk=45027e7f57fc5cda&fccid=4b0e4e241ddcf265&vjs=3
104,devops engineer - azure - united kingdom,Solo Search,"experience of mentoring more junior members of the team.
suitable for: devops engineer with approx.
the azure devops engineer will join an experienced and cross…",Remote,https://uk.indeed.com/rc/clk?jk=d1b38e1b28e0fd17&fccid=f4901df633921284&vjs=3
105,full stack developer,Bullhorn,"mentoring and coaching junior developers.
you have 4+ years of experience as a software engineer.
while working from the comfort of their own homes, our remote…",Remote,https://uk.indeed.com/rc/clk?jk=45027e7f57fc5cda&fccid=4b0e4e241ddcf265&vjs=3
106,devops engineer - azure - united kingdom,Solo Search,"experience of mentoring more junior members of the team.
suitable for: devops engineer with approx.
the azure devops engineer will join an experienced and cross…",Remote,https://uk.indeed.com/rc/clk?jk=d1b38e1b28e0fd17&fccid=f4901df633921284&vjs=3
107,full stack developer,Bullhorn,"mentoring and coaching junior developers.
you have 4+ years of experience as a software engineer.
while working from the comfort of their own homes, our remote…",Remote,https://uk.indeed.com/rc/clk?jk=45027e7f57fc5cda&fccid=4b0e4e241ddcf265&vjs=3
108,devops engineer - azure - united kingdom,Solo Search,"experience of mentoring more junior members of the team.
suitable for: devops engineer with approx.
the azure devops engineer will join an experienced and cross…",Remote,https://uk.indeed.com/rc/clk?jk=d1b38e1b28e0fd17&fccid=f4901df633921284&vjs=3
109,full stack developer,Bullhorn,"mentoring and coaching junior developers.
you have 4+ years of experience as a software engineer.
while working from the comfort of their own homes, our remote…",Remote,https://uk.indeed.com/rc/clk?jk=45027e7f57fc5cda&fccid=4b0e4e241ddcf265&vjs=3
110,full stack developer,Bullhorn,"mentoring and coaching junior developers.
you have 4+ years of experience as a software engineer.
while working from the comfort of their own homes, our remote…",Remote,https://uk.indeed.com/rc/clk?jk=45027e7f57fc5cda&fccid=4b0e4e241ddcf265&vjs=3
111,full stack developer,Bullhorn,"mentoring and coaching junior developers.
you have 4+ years of experience as a software engineer.
while working from the comfort of their own homes, our remote…",Remote,https://uk.indeed.com/rc/clk?jk=45027e7f57fc5cda&fccid=4b0e4e241ddcf265&vjs=3
112,ios engineer,Vet-AI,"lead and mentor more junior developers and coordinate the development when needed.
possess excellent communication skills and proven experience with best…",Temporarily Remote,https://uk.indeed.com/pagead/clk?mo=r&ad=-6NYlbfkN0DG4ntHtB_rMsnfhgmnSvK2brktLme1L4SiDeJjQ-izrVOLqRJ5-yjEjDkpeVLIPLJb1NREsKmM2TTOnmKl3njzPbSAHgmR4xe69Kyrnbi5EdBVUWaWTVcL1IR-b-Q1EK0qy-ZEbDPB4ZcuucNayEAkuJ2LWoOdwmFvi0bX_pA3qVNS1ty5T9DbzNIwzsuuWoPJjhOhEDOwO3AhVzrPBOQODOQPwTG87hSlDMe34VA74PCJ3aEbItXaEaYsxadlH-AXPqzWelogfXa2KmRQa7jcELFZ0VfNFjKPFoa5RHc6de_gDp2JUOXUYu6X8uXHgS3PURPA6YTQE-vVjsb07s7cTjBt1yEbviSW64VIbWzYlqyLaq_ApxL8PSSI2b7UrSz9hFForiR-ROnl3ev22imT1LEkpqE25GX7VYHkWaS3Ww8cuCGiORdcnfg29j2Tq6KU_V9PoKXTLlA5NqtGiJug73o19dwTailseYocFalAmrVaEbBAi3KrWw_L0_nbnuYNTdLAkmYL3aDi69u1M7gzHyKtACSzlPBya7ZzBSCkbZmM2d39vm6lIMA64-yoUCkzb4wywbfMjd7TOeLlsSUe_8erldOL2pDmFyv3wh4kHYrMzw_N3kGKbJ8DINtKEHD19hxAFC6gPLKBpBH0TygV1TSoJToX9wZ8uhk3q3NRjBob5V2__7xXNnojLUUwx2ex7Dy3xTzGABwi-Qy6-gP6aFvEywGqTaeF-uPenz6_1uZuKRlMWDmj3xffmcJszG5D5EiJddK-tsEQPi-oLWfVLesnoi3uE4-xcCd3_p7iAOAzXvmNB_o-bKjZy3_3ZEYCffLxUrPqH1nNKTnEnFAyeRAnKABCHXPtJozgrwmQR0hF6z03hobttWjRezWnTWZSL6_iNJM4ufu66kG2FXIkTl5cS1I0F1ahuPpz2If-LPauiAWhFxZRf6GUYezCaVnSmrNv0OHPzmBr50AD-u0CSPyge4pFBls=&p=7&fvj=0&vjs=3
113,full stack developer,Bullhorn,"mentoring and coaching junior developers.
you have 4+ years of experience as a software engineer.
while working from the comfort of their own homes, our remote…",Remote,https://uk.indeed.com/rc/clk?jk=45027e7f57fc5cda&fccid=4b0e4e241ddcf265&vjs=3
114,devops engineer - azure - united kingdom,Solo Search,"experience of mentoring more junior members of the team.
suitable for: devops engineer with approx.
the azure devops engineer will join an experienced and cross…",Remote,https://uk.indeed.com/rc/clk?jk=d1b38e1b28e0fd17&fccid=f4901df633921284&vjs=3
115,full stack developer,Bullhorn,"mentoring and coaching junior developers.
you have 4+ years of experience as a software engineer.
while working from the comfort of their own homes, our remote…",Remote,https://uk.indeed.com/rc/clk?jk=45027e7f57fc5cda&fccid=4b0e4e241ddcf265&vjs=3
116,test automation engineer,CGI,"a working knowledge of devops and lean software development is desirable.
you will be working as a cross-functional engineer, driving effective delivery of…",United Kingdom,https://uk.indeed.com/pagead/clk?mo=r&ad=-6NYlbfkN0AwNYbbrIiFUY_bK9miBApsy6K8R1m3kdl51aZE2TVIF8cQeCw2Kf64ZNXJDfLrLJrAKgXKTskhzh3UeJmJsulxdT6xA0XushX3__j0l0kjaJLdyADMPKj9k3jO9HyMvzbjEVypDRTqXw7ZsacPdeoNLiOj4EuOT5KOz3R-kz6YFNGbyxiEAPWxu9zEvULsWY9HXr6f_ULWBbfH9I5bd1DIfBoVCBz8h1GIQEKSlnypP_CCoSLh5LI_cg8NIVRgxRokGUnIuFCXpjvfnO3M6Bb72M9Y3oJgy_VUKj86VB0tf1K8CmnlvWmWnRw47IrkXjFgz--I_JPD8MkGNQPLMraSKzcfZJBcJavqHevf1ompo-9kGt8UH0Xk6Wprq5jgEPatTZRhVqID3H_H9cEN7x4xKk9BOnNMkC9-W2ko78UtbUs_CVPDB9VdM2PIlhrdJMkqC25iQOobcDyhSbLyX3W3mWG2FREpp6C4ANRgx1wTSZn0J9lg1PBW6bvtB02s9mo=&p=4&fvj=1&vjs=3
117,back end engineer,Cytora,"great team player and ability to help coach and mentor junior members of the team.
drive for continuous improvement in software and development processes …",Remote,https://uk.indeed.com/pagead/clk?mo=r&ad=-6NYlbfkN0DG4ntHtB_rMsnfhgmnSvK2brktLme1L4SiDeJjQ-izrVOLqRJ5-yjEhSyAj73O13RHZgf81u7ifkJ0iXGvWV2od1gesEF4qiAf1aCx6YfZQXF1tLtS6WPNWvUa_kZNO3U3yLKPCDlVjsRs7uGFPfXBLKL9I4EDK_BP6HYc-eROB0bz3hmm9V8nXo_ABiEOdTLKp1Ws0UcUfH6I3Y98y3GWpzS0_guiDqo_MsbKxbqONqwT0HSRqld9zcrtXxsT2Uc-IYwrjv1CpILcJ7sxyH3lQMPP-Y7Ka2fjExmnj8tZj0LenWo6PNpnF4JmCl-ZGM6D1B1nIYBktpHLiGr8DShaAObXpswaaPRCFP29UiOVmLIwMv_wCOChu41nh_HXZ3m454Y8hW54yLZ4dGoSLk1L4ZT5hiZMuHmYk_W1om-MRPKEdVqDOOZlCs3lTOuMaX68tbeb__ZBhKJq3rBbYzu0Iva2qiOaWrlHc7D8RiCwYcqODelLF7acZKb4B2II-mf0FOYAs7AOQgX9Er1BkeRkLBno-iiLV3gpJ_OLfGtYQdhZB-LC8-8ZpEF4ejUDxf23g7Rjexmy-y3Z-0A0nVwAm1yy_ztPdwGBxGaZvwA_OI6J_VLb7OSn8M6m-1q5dL4sXEvghRm7M5Fb1YU1FPmouwIsbGyOEt9nQURHelS3xMLJv1IqR95LGJtPPO8_2RG-usEMr1OAuF457Wz7yj81RWjVgDzIhfryzuFhrTC54Bdoro9lP8O-Los_gwAL329Q2QMZ5VW4F7U9nppXc75WPkusPc8A-JfjkKboiYWN6of93-m7fRrraSL19ARLTZekJhspdkfNde7EEgWu_kE8QfRtVNOyVK4RSw981MUnwT5UBRZTnzgc83lQO-aB7jVfCUg_EbNHumIphcnNGfMyiS4AijyKHMTKsO3620eYh4a6wnbOxM2S01y6CPUgbCsWA54O87aKvi48aXMnDeLE&p=6&fvj=0&vjs=3
118,full stack developer,Bullhorn,"mentoring and coaching junior developers.
you have 4+ years of experience as a software engineer.
while working from the comfort of their own homes, our remote…",Remote,https://uk.indeed.com/rc/clk?jk=45027e7f57fc5cda&fccid=4b0e4e241ddcf265&vjs=3
119,full stack developer,Bullhorn,"mentoring and coaching junior developers.
you have 4+ years of experience as a software engineer.
while working from the comfort of their own homes, our remote…",Remote,https://uk.indeed.com/rc/clk?jk=45027e7f57fc5cda&fccid=4b0e4e241ddcf265&vjs=3
120,full stack developer,Bullhorn,"mentoring and coaching junior developers.
you have 4+ years of experience as a software engineer.
while working from the comfort of their own homes, our remote…",Remote,https://uk.indeed.com/rc/clk?jk=45027e7f57fc5cda&fccid=4b0e4e241ddcf265&vjs=3
121,devops engineer - azure - united kingdom,Solo Search,"experience of mentoring more junior members of the team.
suitable for: devops engineer with approx.
the azure devops engineer will join an experienced and cross…",Remote,https://uk.indeed.com/rc/clk?jk=d1b38e1b28e0fd17&fccid=f4901df633921284&vjs=3
122,full stack developer,Bullhorn,"mentoring and coaching junior developers.
you have 4+ years of experience as a software engineer.
while working from the comfort of their own homes, our remote…",Remote,https://uk.indeed.com/rc/clk?jk=45027e7f57fc5cda&fccid=4b0e4e241ddcf265&vjs=3
123,devops engineer - azure - united kingdom,Solo Search,"experience of mentoring more junior members of the team.
suitable for: devops engineer with approx.
the azure devops engineer will join an experienced and cross…",Remote,https://uk.indeed.com/rc/clk?jk=d1b38e1b28e0fd17&fccid=f4901df633921284&vjs=3
124,full stack developer,Bullhorn,"mentoring and coaching junior developers.
you have 4+ years of experience as a software engineer.
while working from the comfort of their own homes, our remote…",Remote,https://uk.indeed.com/rc/clk?jk=45027e7f57fc5cda&fccid=4b0e4e241ddcf265&vjs=3
125,devops engineer - azure - united kingdom,Solo Search,"experience of mentoring more junior members of the team.
suitable for: devops engineer with approx.
the azure devops engineer will join an experienced and cross…",Remote,https://uk.indeed.com/rc/clk?jk=d1b38e1b28e0fd17&fccid=f4901df633921284&vjs=3
126,full stack developer,Bullhorn,"mentoring and coaching junior developers.
you have 4+ years of experience as a software engineer.
while working from the comfort of their own homes, our remote…",Remote,https://uk.indeed.com/rc/clk?jk=45027e7f57fc5cda&fccid=4b0e4e241ddcf265&vjs=3
127,devops engineer - azure - united kingdom,Solo Search,"experience of mentoring more junior members of the team.
suitable for: devops engineer with approx.
the azure devops engineer will join an experienced and cross…",Remote,https://uk.indeed.com/rc/clk?jk=d1b38e1b28e0fd17&fccid=f4901df633921284&vjs=3
128,full stack developer,Bullhorn,"mentoring and coaching junior developers.
you have 4+ years of experience as a software engineer.
while working from the comfort of their own homes, our remote…",Remote,https://uk.indeed.com/rc/clk?jk=45027e7f57fc5cda&fccid=4b0e4e241ddcf265&vjs=3
129,devops engineer - azure - united kingdom,Solo Search,"experience of mentoring more junior members of the team.
suitable for: devops engineer with approx.
the azure devops engineer will join an experienced and cross…",Remote,https://uk.indeed.com/rc/clk?jk=d1b38e1b28e0fd17&fccid=f4901df633921284&vjs=3
130,full stack developer,Bullhorn,"mentoring and coaching junior developers.
you have 4+ years of experience as a software engineer.
while working from the comfort of their own homes, our remote…",Remote,https://uk.indeed.com/rc/clk?jk=45027e7f57fc5cda&fccid=4b0e4e241ddcf265&vjs=3
131,devops engineer - azure - united kingdom,Solo Search,"experience of mentoring more junior members of the team.
suitable for: devops engineer with approx.
the azure devops engineer will join an experienced and cross…",Remote,https://uk.indeed.com/rc/clk?jk=d1b38e1b28e0fd17&fccid=f4901df633921284&vjs=3
132,full stack developer,Bullhorn,"mentoring and coaching junior developers.
you have 4+ years of experience as a software engineer.
while working from the comfort of their own homes, our remote…",Remote,https://uk.indeed.com/rc/clk?jk=45027e7f57fc5cda&fccid=4b0e4e241ddcf265&vjs=3
133,devops engineer - azure - united kingdom,Solo Search,"experience of mentoring more junior members of the team.
suitable for: devops engineer with approx.
the azure devops engineer will join an experienced and cross…",Remote,https://uk.indeed.com/rc/clk?jk=d1b38e1b28e0fd17&fccid=f4901df633921284&vjs=3
134,full stack developer,Bullhorn,"mentoring and coaching junior developers.
you have 4+ years of experience as a software engineer.
while working from the comfort of their own homes, our remote…",Remote,https://uk.indeed.com/rc/clk?jk=45027e7f57fc5cda&fccid=4b0e4e241ddcf265&vjs=3
135,full stack developer,Bullhorn,"mentoring and coaching junior developers.
you have 4+ years of experience as a software engineer.
while working from the comfort of their own homes, our remote…",Remote,https://uk.indeed.com/rc/clk?jk=45027e7f57fc5cda&fccid=4b0e4e241ddcf265&vjs=3
136,full stack engineer (react / node.js) (uk),Novata,"coach and mentor junior team members and help them to develop and improve their skills and abilities.
work closely with other engineers to architect and…",Remote,https://uk.indeed.com/pagead/clk?mo=r&ad=-6NYlbfkN0DG4ntHtB_rMsnfhgmnSvK2brktLme1L4SiDeJjQ-izrVOLqRJ5-yjEhSyAj73O13RzYo4w_NWCF3vLFfmjC0mAxK-Y0IwZqV7NsoDCH_X5RW0apLPqNhGFgF2osT1olhig4Tu06Ps4ZDm-0Jc5uxUBNUtPT87aIu3SbDRTHgFa4s-iGF7mDpshUqGB5-FVyswi7FutCgtDTq0W84own7fwATnpZBylmHyBqyAXd_XVBQwK0deQa9XLMwISY8PtYLWF774sUho5qAOrPajWVi8ZYMXoEkhQDb38Unp6_h2fPqQ6dLvzwCqyPYx2nhxjt9Qd8CYkT1lCM9kjdKeocKWXe3vb8oBBBbDcNrM7T2WOrgwwUlOGgL1l0L4KJ37KfX1Omj0z4FW09QTDmzPOWYLt23iyW63v7UIv7PQDewujvPuqWzfO_7WgJIwpoL8y3bAfkbZjcstPuEhLnPK1PWuCnWdmq4zBSOSRwBJVzaqN0oZWi_P72AqyOdlj77xrOkCZ_Ye71_TTLfx3h8jNQVm1SS6MONH8Rp9GLOdaCv3ZGGntAw5dbFUN5mDT6KVUN1u5nRfvfxYg3vWo43xDFp2QbI_IxZcaq2DG3lw44Lliix320pLLaHoi5U2FcjXftPHss_-vKU9m9IPqYzV-N912YFjLQ3GqHHhL8TcF2Cpnwk3Tv0X5zF8JfzV2B9boc3XP-jy3VZfyg2DHuwZjbirMsMvZk6zYhTEfMYb4xswH74Ia0QOIyOirUbhd2XE_eV7jMLdgD4qlHtfZtr4egJ6ZjrdxuYIGdi0abZ8ep5naI9Uka6f5CmCPMCHyC2o4J5uFz7QJbklRz4_-5dDn6lCcHafKPI62WOeGAvub8uN0v0ncDcHYQ-MkuqHIh-RDcYnINjjzVWSB-qBFC5jlDvPq5FSuEv2YAcvP2ZR4srkYQ06S_B0GY-IaBknIp4h6UGkxrBzzO5X-eoM9G8SCwDbET5V1D_5pkEqIBXcLeuBtiyA4JHI7OMBjoQNmnBZZw2aY9IelpPxsAGosiFnlAj5l&p=4&fvj=0&vjs=3
137,full stack developer,Bullhorn,"mentoring and coaching junior developers.
you have 4+ years of experience as a software engineer.
while working from the comfort of their own homes, our remote…",Remote,https://uk.indeed.com/rc/clk?jk=45027e7f57fc5cda&fccid=4b0e4e241ddcf265&vjs=3
138,full stack developer,Bullhorn,"mentoring and coaching junior developers.
you have 4+ years of experience as a software engineer.
while working from the comfort of their own homes, our remote…",Remote,https://uk.indeed.com/rc/clk?jk=45027e7f57fc5cda&fccid=4b0e4e241ddcf265&vjs=3
139,full stack developer,Bullhorn,"mentoring and coaching junior developers.
you have 4+ years of experience as a software engineer.
while working from the comfort of their own homes, our remote…",Remote,https://uk.indeed.com/rc/clk?jk=45027e7f57fc5cda&fccid=4b0e4e241ddcf265&vjs=3
140,devops engineer - azure - united kingdom,Solo Search,"experience of mentoring more junior members of the team.
suitable for: devops engineer with approx.
the azure devops engineer will join an experienced and cross…",Remote,https://uk.indeed.com/rc/clk?jk=d1b38e1b28e0fd17&fccid=f4901df633921284&vjs=3
141,full stack developer,Bullhorn,"mentoring and coaching junior developers.
you have 4+ years of experience as a software engineer.
while working from the comfort of their own homes, our remote…",Remote,https://uk.indeed.com/rc/clk?jk=45027e7f57fc5cda&fccid=4b0e4e241ddcf265&vjs=3
142,full stack developer,Bullhorn,"mentoring and coaching junior developers.
you have 4+ years of experience as a software engineer.
while working from the comfort of their own homes, our remote…",Remote,https://uk.indeed.com/rc/clk?jk=45027e7f57fc5cda&fccid=4b0e4e241ddcf265&vjs=3
143,full stack developer,Bullhorn,"mentoring and coaching junior developers.
you have 4+ years of experience as a software engineer.
while working from the comfort of their own homes, our remote…",Remote,https://uk.indeed.com/rc/clk?jk=45027e7f57fc5cda&fccid=4b0e4e241ddcf265&vjs=3
144,devops engineer - azure - united kingdom,Solo Search,"experience of mentoring more junior members of the team.
suitable for: devops engineer with approx.
the azure devops engineer will join an experienced and cross…",Remote,https://uk.indeed.com/rc/clk?jk=d1b38e1b28e0fd17&fccid=f4901df633921284&vjs=3
145,full stack developer,Bullhorn,"mentoring and coaching junior developers.
you have 4+ years of experience as a software engineer.
while working from the comfort of their own homes, our remote…",Remote,https://uk.indeed.com/rc/clk?jk=45027e7f57fc5cda&fccid=4b0e4e241ddcf265&vjs=3
146,devops engineer - azure - united kingdom,Solo Search,"experience of mentoring more junior members of the team.
suitable for: devops engineer with approx.
the azure devops engineer will join an experienced and cross…",Remote,https://uk.indeed.com/rc/clk?jk=d1b38e1b28e0fd17&fccid=f4901df633921284&vjs=3
147,full stack developer,Bullhorn,"mentoring and coaching junior developers.
you have 4+ years of experience as a software engineer.
while working from the comfort of their own homes, our remote…",Remote,https://uk.indeed.com/rc/clk?jk=45027e7f57fc5cda&fccid=4b0e4e241ddcf265&vjs=3
148,full stack developer,Bullhorn,"mentoring and coaching junior developers.
you have 4+ years of experience as a software engineer.
while working from the comfort of their own homes, our remote…",Remote,https://uk.indeed.com/rc/clk?jk=45027e7f57fc5cda&fccid=4b0e4e241ddcf265&vjs=3
149,devops engineer - azure - united kingdom,Solo Search,"experience of mentoring more junior members of the team.
suitable for: devops engineer with approx.
the azure devops engineer will join an experienced and cross…",Remote,https://uk.indeed.com/rc/clk?jk=d1b38e1b28e0fd17&fccid=f4901df633921284&vjs=3
150,full stack developer,Bullhorn,"mentoring and coaching junior developers.
you have 4+ years of experience as a software engineer.
while working from the comfort of their own homes, our remote…",Remote,https://uk.indeed.com/rc/clk?jk=45027e7f57fc5cda&fccid=4b0e4e241ddcf265&vjs=3
151,devops engineer - azure - united kingdom,Solo Search,"experience of mentoring more junior members of the team.
suitable for: devops engineer with approx.
the azure devops engineer will join an experienced and cross…",Remote,https://uk.indeed.com/rc/clk?jk=d1b38e1b28e0fd17&fccid=f4901df633921284&vjs=3
152,full stack developer,Bullhorn,"mentoring and coaching junior developers.
you have 4+ years of experience as a software engineer.
while working from the comfort of their own homes, our remote…",Remote,https://uk.indeed.com/rc/clk?jk=45027e7f57fc5cda&fccid=4b0e4e241ddcf265&vjs=3
153,full stack developer,Bullhorn,"mentoring and coaching junior developers.
you have 4+ years of experience as a software engineer.
while working from the comfort of their own homes, our remote…",Remote,https://uk.indeed.com/rc/clk?jk=45027e7f57fc5cda&fccid=4b0e4e241ddcf265&vjs=3
154,devops engineer - azure - united kingdom,Solo Search,"experience of mentoring more junior members of the team.
suitable for: devops engineer with approx.
the azure devops engineer will join an experienced and cross…",Remote,https://uk.indeed.com/rc/clk?jk=d1b38e1b28e0fd17&fccid=f4901df633921284&vjs=3
155,software engineer,Bupa Dental Care,you will have an in-depth understanding of software development best practices and knowledge of the tools needed to debug and diagnose issues in any type of…,Remote in United Kingdom,https://uk.indeed.com/pagead/clk?mo=r&ad=-6NYlbfkN0A9xM1ze1CK1QBouVglxzlBnoBPYpS9ek0P1vdZwoyENX4TH4ATiBr2ew3SdhVihFnu-cFhyOYyhtS6HGWDHS4Rgcnx-MsFbP8ivzUtQYbv0qFUOmhKT2VVewfyTC9hsShI6ghDYlkbUVyz89fhbYg6Mpb7PHokoLjPx1fehKk1MMZZA61KRWT_jMhX_5gVMg0p8MHIuAEsK-X_taLrns3Ld3nfIazEBrSfe57ZQwCzJvMm0bjQA3PutPlXNiFZI5IlSAKw6Vfb7M6PGcKHoi7hKOOmuRnoQqq7lith0pN1Y1DYPROCDvVd90yF3rAw0cDIS_rt7vT6TisAu9CejdGv4acul05G4B3C1H2bZjH_19NLT0i2V7hurE8Vz_Olm5B5TK0uip6322JpOg8mkHFF_s9dIXu43R3L_uHG72QnyzWYSF1lcbU1iFcIDWmSf7E7DygB6xdqfvDQMwgbqSSpR5h6HwK2WkbGWOYc9M3s4oFY1N3CMbic3i5HKp72DfsRTTxBejIR3gun0DhcGi2nPDcC_-Zjhi18U36sAIHB2zy1oJUqQNhDMTZ50uXzu9vVYkh3HhuUvA==&p=1&fvj=0&vjs=3
156,full stack developer,Bullhorn,"mentoring and coaching junior developers.
you have 4+ years of experience as a software engineer.
while working from the comfort of their own homes, our remote…",Remote,https://uk.indeed.com/rc/clk?jk=45027e7f57fc5cda&fccid=4b0e4e241ddcf265&vjs=3
157,full stack developer,Bullhorn,"mentoring and coaching junior developers.
you have 4+ years of experience as a software engineer.
while working from the comfort of their own homes, our remote…",Remote,https://uk.indeed.com/rc/clk?jk=45027e7f57fc5cda&fccid=4b0e4e241ddcf265&vjs=3
158,back end engineer,Cytora,"great team player and ability to help coach and mentor junior members of the team.
drive for continuous improvement in software and development processes …",Remote,https://uk.indeed.com/pagead/clk?mo=r&ad=-6NYlbfkN0DG4ntHtB_rMsnfhgmnSvK2brktLme1L4SiDeJjQ-izrVOLqRJ5-yjEhSyAj73O13RHZgf81u7ifkJ0iXGvWV2od1gesEF4qiAf1aCx6YfZQXF1tLtS6WPNWvUa_kZNO3U3yLKPCDlVjsRs7uGFPfXBLKL9I4EDK_DHyp6UCYKlgeeT5AfjVj2qru0Q6kkUTv9C1F5J25k-lN7Ca-p2rC_UkBicRpJfwGVTR7HsOTuc9kO3lOq2ZspSXJSB8jPU_15rnhjLWEvmkfr3yzxEGJJV2uTIan4XFmxop3cLG3ZiAeoF-D9u_9xLkQbkkUblqR9iGE7xUjKy9N4993nsHPiX9yx_eIRsgudAdXFAvQM86imXp5fuQFChUMO0leMfNxlA0TmG9OyChNnq5jIFMSO6w56Nc7mvNCuI99Q2LfPxBfE855_iJ_gu04lOJZLq7vLFy6W2-FMiEWNTI4JMoFscFsJKU5neNaJy3FsYZieNMDkLV5yper4prsUR0qaT9uivVweIwf3Vts_tKe0xnaaZ6LHa2Zmeo-MfPghD4vxcGnKZfpbDyL4fIfIUqeNbYvwClsvHO43AeoqhBAujSERQkoxwyud7gJKOuWHBuNvmX1roMjO4_OTYw9k47Hka8LF17TbMLgbF2O8dh7yX9PJi76c6Pm2cDl0iFTpR0XWxa-MnBQlnahDt9hnDmMDf-tLPPRV1wlbfuljvb4BSCK3h_SJdqcejYQDvhg3oOSwjHu1AMswuY5T6J4DwpmiqZqxSHBn7bKz5wDNdw949M-3lxguBZFB9AhJyRosgldovLvDMeNClwj_sLvLCQakONGXD_jcqnC4tYpjF00S4LuwVeFCpMtPTIgVKpeb9cdgOwBNYjPzWltIREhWbR8RWOvllNeHK33eiGer-3WaJu6cJEfPllw6nk6bQDx7mGB5J1bamxROhLbkonrpOoi686ncVVDGBiDje0jFQBvpWuHmj&p=0&fvj=0&vjs=3
159,software engineer,Bupa Dental Care,you will have an in-depth understanding of software development best practices and knowledge of the tools needed to debug and diagnose issues in any type of…,Remote in United Kingdom,https://uk.indeed.com/pagead/clk?mo=r&ad=-6NYlbfkN0A9xM1ze1CK1QBouVglxzlBnoBPYpS9ek0P1vdZwoyENX4TH4ATiBr2ew3SdhVihFnu-cFhyOYyhtS6HGWDHS4Rgcnx-MsFbP8ivzUtQYbv0qFUOmhKT2VVewfyTC9hsShI6ghDYlkbUVyz89fhbYg6Mpb7PHokoLjPx1fehKk1MMZZA61KRWT_jMhX_5gVMg0p8MHIuAEsK-X_taLrns3L9rW-x3-D4n1n_TdUxh8HI7Bzo9YngDLn6gBum7hnFVu_-YvlEHJqMwRbzVbZwp6gGWDUDM0mfvfIRSG_fc_tGSthWEmq3TIfJ7ak-34Yz6wQdiot36JVRGpbpYG4t83blKKcut9ENXVfS1Nbnu8vizXJ6TKkpTZjRV0H8Z8kq0q54GpsEIPySzm4rN0g8BsgvWdGMlw4lU8ETvs8iBwyM0t6F2-3NhglkQn11rUAfFPtteqs_yflC2AgAztfwvUmqVddNMVHDmD934u-GPFqQ_dhb7Zd-W-bh4Jq2b0NCVvQWtNBbO-DfklxtZedd56x77pJK5mj6V9HLFeBO973YqkEZtd3oTPZuHlkt9-RuvLvKPWTYQugfQ==&p=1&fvj=0&vjs=3
160,full stack developer,Bullhorn,"mentoring and coaching junior developers.
you have 4+ years of experience as a software engineer.
while working from the comfort of their own homes, our remote…",Remote,https://uk.indeed.com/rc/clk?jk=45027e7f57fc5cda&fccid=4b0e4e241ddcf265&vjs=3
161,full stack developer,Bullhorn,"mentoring and coaching junior developers.
you have 4+ years of experience as a software engineer.
while working from the comfort of their own homes, our remote…",Remote,https://uk.indeed.com/rc/clk?jk=45027e7f57fc5cda&fccid=4b0e4e241ddcf265&vjs=3
162,full stack developer,Bullhorn,"mentoring and coaching junior developers.
you have 4+ years of experience as a software engineer.
while working from the comfort of their own homes, our remote…",Remote,https://uk.indeed.com/rc/clk?jk=45027e7f57fc5cda&fccid=4b0e4e241ddcf265&vjs=3
163,back end engineer,Cytora,"great team player and ability to help coach and mentor junior members of the team.
drive for continuous improvement in software and development processes …",Remote,https://uk.indeed.com/pagead/clk?mo=r&ad=-6NYlbfkN0DG4ntHtB_rMsnfhgmnSvK2brktLme1L4SiDeJjQ-izrVOLqRJ5-yjEhSyAj73O13RHZgf81u7ifkJ0iXGvWV2od1gesEF4qiAf1aCx6YfZQXF1tLtS6WPNWvUa_kZNO3U3yLKPCDlVjsRs7uGFPfXBLKL9I4EDK_CA5VO1fKnVompmlJK5q1onQjqGQmt-m57vjgglLBTQqcTU4UVker24oRr2DvhQ74U6uUZZ695bAu_FZ1AAEFwN2dgbuMNHoUBEQiZiHEFD-mtPbSF659OLh-kukMjDXwmWGnSbZ1iLjosJFtO_fLEHLrSWbiSuUBemJQIZVNq1Jtrhdgb9gfojI4fq1_eayHhkyiJ3ophXIU10GI7lF5N3uVwnrQpvIoH_z8zyvxRAYinwnloGPe0DKGvoUXyuIIC3nkLDOyUF_CiZmckZSzx0FHGwngBULn2xhKFfpdO3dQywbvl75D1LrApybQmSysiFIqhKjAaR4e0BWS6P1-ksvNcKug2Vym2iQdNf0J4eWCkD2rKfLZ3weKYxesk6jraGm4ncVaoLbO9R3UfT8x7MM1naqi34khO3UT1aPPADWHo_0VF2vCbBFxa8pBGBttdOvc1O-lm0zCQS8Ug4scLhjMNGJC6bHiae-mDIzWCCdTCkJzUKDTGl9WL1IU03sHDTt0xBRyR2wEN9WFbSVkEvFSSABiB4ddtThcyFgORbY0IBXTj16FmbXmKvlZLsbwtgurEnHYDh16FDebBYPlvkaJMbp_Y5ZfKHzg-iJ01HadeAblQb6FC48NKsJ-KvYX8A7tjP2mtJwkwuCn2lh6h_WxS8dQrNkpf1tOD6qsFE9SCKNs-oXt-D-EWrV6Mh2UhpLH579gMWi3RgY_DzouARtfhZPMPDz93-R2iO1yyaoJEhE-gE_B5PNz9rkX-p0xZDbJCSiTw_qL6laFwtXD5RbKuwDQrBrjZgy1AG1cFMZ_JyKk51dzXR&p=7&fvj=0&vjs=3
164,ios engineer,Vet-AI,"lead and mentor more junior developers and coordinate the development when needed.
possess excellent communication skills and proven experience with best…",Temporarily Remote,https://uk.indeed.com/pagead/clk?mo=r&ad=-6NYlbfkN0DG4ntHtB_rMsnfhgmnSvK2brktLme1L4SiDeJjQ-izrVOLqRJ5-yjEjDkpeVLIPLJb1NREsKmM2TTOnmKl3njzPbSAHgmR4xe69Kyrnbi5EdBVUWaWTVcL1IR-b-Q1EK0qy-ZEbDPB4ZcuucNayEAkuJ2LWoOdwmEhTreNSAAN_1X-040uPWNQQcp-PBLtmxIpdN85MgF_7D5gSy6YGcLqF6nVuHYMfc-3oxFXEYfU0K6wH2zAeofjnnUd0vuVyDeucNvpXvje6qGblCEnIhOF8XPwA2AY7uC5hdzoqzxhbDvGaxUw3q5fnEiSSESUHxHwdvuKk44-ZG09SqSsSnx3xdmbqkoowr9IL_UYzJ1GCbQo3J9TQqny7pbpDO8Te7omNreILMBE7eWKGCHiOG488tElJedKSTYUx_raIBLOk8dxzlTc7TvoaEzvDTDV27L6889MwWMHq_cdDc-tJufEjnOmnFzGjabYI7bEHuNQ_oAEG8Fv6-8r7P9srovD273cfhybdhLtCUVl8zDQKwIc1H9m7GjwcG4OiE72KJzz6yssrvdOlT4vPI9fgPjJZbmVZijH9mXAvlqz7Bh6anEF19aLDoGCeIzle_CupjMhFZsqCkqNCHO95XrJcs2UOKt056CmoZfVTszg1iVHQ4uKrUtUzyFqpofVvTDpJTgxoFk97TXO5QyRYfsn5z5miL_iaEHpzGfCCTVnIY0JJKhRDSdGwg34_yQJVO27NxTvo2Zct1tm3re2S0h4KEbJWwtCJTJER4C1dgBjvV7WuwKjPXuD6fdjgJkWsyuTNtN3u_phWjuAw5nPO1cQuoDHQEVVdXYJgSFzRdL2CNUKhVH3ZuuQ4_A1Au4k-7IYMxfchLoSuCPcZkyREPOFjD1_QvGT8AH8-loT1GyhYv4Uf2FwWAfuB4FEJY6dNdpEpDbwF1prGXCdg16wddQZzginuLbuIsW8N-CRPxey735y8rnDNNIL3qj0TV4=&p=11&fvj=0&vjs=3
165,full stack developer,Bullhorn,"mentoring and coaching junior developers.
you have 4+ years of experience as a software engineer.
while working from the comfort of their own homes, our remote…",Remote,https://uk.indeed.com/rc/clk?jk=45027e7f57fc5cda&fccid=4b0e4e241ddcf265&vjs=3
166,full stack developer,Bullhorn,"mentoring and coaching junior developers.
you have 4+ years of experience as a software engineer.
while working from the comfort of their own homes, our remote…",Remote,https://uk.indeed.com/rc/clk?jk=45027e7f57fc5cda&fccid=4b0e4e241ddcf265&vjs=3
